{
    "cameraGrain": 0.0,
    "motionQuality": 0.0,
    "projectionMatrix": [
        0.0,
        0.0,
        0.0,
        0.0,
        0.0,
        0.0,
        0.0,
        0.0,
        0.0,
        0.0,
        0.0,
        0.0,
        0.0,
        0.0,
        0.0,
        0.0
    ],
    "convertedProjectionMatrix": {
        "e00": 0.0,
        "e01": 0.0,
        "e02": 0.0,
        "e03": 0.0,
        "e10": 0.0,
        "e11": 0.0,
        "e12": 0.0,
        "e13": 0.0,
        "e20": 0.0,
        "e21": 0.0,
        "e22": 0.0,
        "e23": 0.0,
        "e30": 0.0,
        "e31": 0.0,
        "e32": 0.0,
        "e33": 0.0
    },
    "intrinsics": [
        0.0,
        0.0,
        0.0,
        0.0,
        0.0,
        0.0,
        0.0,
        0.0,
        0.0
    ],
    "focalLength": {
        "x": 0.0,
        "y": 0.0
    },
    "principalPoint": {
        "x": 0.0,
        "y": 0.0
    },
    "averageVelocity": 0.0,
    "frame_index": 72,
    "time": 0.0,
    "averageAngularVelocity": 0.0,
    "exposureDuration": 0.0,
    "cameraPoseARFrame": {
        "e00": 0.9735556840896606,
        "e01": -0.16255542635917664,
        "e02": 0.1605149656534195,
        "e03": 0.318450391292572,
        "e10": 0.005542568862438202,
        "e11": 0.7192270755767822,
        "e12": 0.6947529911994934,
        "e13": 0.09439238905906677,
        "e20": -0.22838257253170014,
        "e21": -0.6754910349845886,
        "e22": 0.7011085748672485,
        "e23": -0.19883021712303163,
        "e30": 0.0,
        "e31": 0.0,
        "e32": 0.0,
        "e33": 1.0
    },
    "url": "",
    "capture": {
        "m_FileID": 0,
        "m_PathID": 0
    }
}