{
    "cameraGrain": 0.0,
    "motionQuality": 0.0,
    "projectionMatrix": [
        0.0,
        0.0,
        0.0,
        0.0,
        0.0,
        0.0,
        0.0,
        0.0,
        0.0,
        0.0,
        0.0,
        0.0,
        0.0,
        0.0,
        0.0,
        0.0
    ],
    "convertedProjectionMatrix": {
        "e00": 0.0,
        "e01": 0.0,
        "e02": 0.0,
        "e03": 0.0,
        "e10": 0.0,
        "e11": 0.0,
        "e12": 0.0,
        "e13": 0.0,
        "e20": 0.0,
        "e21": 0.0,
        "e22": 0.0,
        "e23": 0.0,
        "e30": 0.0,
        "e31": 0.0,
        "e32": 0.0,
        "e33": 0.0
    },
    "intrinsics": [
        0.0,
        0.0,
        0.0,
        0.0,
        0.0,
        0.0,
        0.0,
        0.0,
        0.0
    ],
    "focalLength": {
        "x": 0.0,
        "y": 0.0
    },
    "principalPoint": {
        "x": 0.0,
        "y": 0.0
    },
    "averageVelocity": 0.0,
    "frame_index": 82,
    "time": 0.0,
    "averageAngularVelocity": 0.0,
    "exposureDuration": 0.0,
    "cameraPoseARFrame": {
        "e00": 0.9190080165863037,
        "e01": -0.2904385030269623,
        "e02": 0.2665891647338867,
        "e03": 0.8290246725082398,
        "e10": 0.02999904751777649,
        "e11": 0.7257700562477112,
        "e12": 0.687282919883728,
        "e13": 0.11564464867115021,
        "e20": -0.39309585094451907,
        "e21": -0.6236211061477661,
        "e22": 0.675701379776001,
        "e23": -0.060597363859415057,
        "e30": 0.0,
        "e31": 0.0,
        "e32": 0.0,
        "e33": 1.0
    },
    "url": "",
    "capture": {
        "m_FileID": 0,
        "m_PathID": 0
    }
}