{
    "cameraGrain": 0.0,
    "motionQuality": 0.0,
    "projectionMatrix": [
        0.0,
        0.0,
        0.0,
        0.0,
        0.0,
        0.0,
        0.0,
        0.0,
        0.0,
        0.0,
        0.0,
        0.0,
        0.0,
        0.0,
        0.0,
        0.0
    ],
    "convertedProjectionMatrix": {
        "e00": 0.0,
        "e01": 0.0,
        "e02": 0.0,
        "e03": 0.0,
        "e10": 0.0,
        "e11": 0.0,
        "e12": 0.0,
        "e13": 0.0,
        "e20": 0.0,
        "e21": 0.0,
        "e22": 0.0,
        "e23": 0.0,
        "e30": 0.0,
        "e31": 0.0,
        "e32": 0.0,
        "e33": 0.0
    },
    "intrinsics": [
        0.0,
        0.0,
        0.0,
        0.0,
        0.0,
        0.0,
        0.0,
        0.0,
        0.0
    ],
    "focalLength": {
        "x": 0.0,
        "y": 0.0
    },
    "principalPoint": {
        "x": 0.0,
        "y": 0.0
    },
    "averageVelocity": 0.0,
    "frame_index": 88,
    "time": 0.0,
    "averageAngularVelocity": 0.0,
    "exposureDuration": 0.0,
    "cameraPoseARFrame": {
        "e00": 0.9002677202224731,
        "e01": -0.2855636179447174,
        "e02": 0.3285900950431824,
        "e03": 1.066847324371338,
        "e10": 0.015212029218673706,
        "e11": 0.7749696969985962,
        "e12": 0.6318152546882629,
        "e13": 0.1100255474448204,
        "e20": -0.43507081270217898,
        "e21": -0.5638043284416199,
        "e22": 0.7020242214202881,
        "e23": 0.03505400940775871,
        "e30": 0.0,
        "e31": 0.0,
        "e32": 0.0,
        "e33": 1.0
    },
    "url": "",
    "capture": {
        "m_FileID": 0,
        "m_PathID": 0
    }
}